{"cameraMode":{"drawMode":0,"name":"Shaded","section":"Shading Mode"},"sceneLighting":true,"audioPlay":false,"sceneViewState":{"showFog":true,"showMaterialUpdate":false,"showSkybox":false,"showFlares":true,"showImageEffects":true,"showParticleSystems":true},"in2DMode":false,"pivot":{"x":1.1695175170898438,"y":-6.420731544494629,"z":-0.36838221549987795},"rotation":{"x":0.08732257783412934,"y":0.49479350447654726,"z":-0.05003272742033005,"w":0.8631811738014221},"size":20.58026885986328,"orthographic":false}