{"cameraMode":{"drawMode":0,"name":"Shaded","section":"Shading Mode"},"sceneLighting":true,"audioPlay":false,"sceneViewState":{"showFog":true,"showMaterialUpdate":false,"showSkybox":true,"showFlares":true,"showImageEffects":true,"showParticleSystems":true},"in2DMode":false,"pivot":{"x":1.4792671203613282,"y":20.361412048339845,"z":-30.886695861816408},"rotation":{"x":0.28469231724739077,"y":-0.6932743191719055,"z":0.3520130217075348,"w":0.5607630014419556},"size":30.513429641723634,"orthographic":false}